tiempo_entrenamiento,tiempo_prediccion,modelo,score_mean
50.57882857322693,1.5222735404968262,ARIMA,
4.031759023666382,0.3689439296722412,IsolationForest,0.4706375385142649
24.47703719139099,1.7787022590637207,DBSCAN,
2.9852638244628906,0.0186154842376709,KMeans,
0.0,0.05440068244934082,IQR,
0.0,0.017785310745239258,ZScore,
1190.611070394516,33.22306203842163,LSTM-AE,440.01745135322676
